{"cameraMode":{"drawMode":0,"name":"Shaded","section":"Shading Mode"},"sceneLighting":false,"audioPlay":false,"sceneViewState":{"m_AlwaysRefresh":false,"showFog":true,"showSkybox":false,"showFlares":true,"showImageEffects":true,"showParticleSystems":true,"showVisualEffectGraphs":true,"m_FxEnabled":false},"in2DMode":false,"pivot":{"x":-0.6987400054931641,"y":11.429312705993653,"z":-4.748300552368164},"rotation":{"x":0.37371572852134707,"y":0.0026973511558026077,"z":-0.0011182253947481514,"w":0.9275757074356079},"size":59.91773223876953,"orthographic":false}