{"cameraMode":{"drawMode":0,"name":"Shaded","section":"Shading Mode"},"sceneLighting":true,"audioPlay":false,"sceneViewState":{"m_AlwaysRefresh":false,"showFog":true,"showSkybox":true,"showFlares":true,"showImageEffects":true,"showParticleSystems":true,"showVisualEffectGraphs":true,"m_FxEnabled":false},"in2DMode":false,"pivot":{"x":1.2785589694976807,"y":5.563396453857422,"z":-5.623788833618164},"rotation":{"x":0.004966039676219225,"y":0.9891665577888489,"z":-0.14282484352588654,"w":0.03448714315891266},"size":34.95026397705078,"orthographic":true}