{"cameraMode":{"drawMode":0,"name":"Shaded","section":"Shading Mode"},"sceneLighting":true,"audioPlay":false,"sceneViewState":{"m_AlwaysRefresh":false,"showFog":true,"showSkybox":true,"showFlares":true,"showImageEffects":true,"showParticleSystems":true,"showVisualEffectGraphs":true,"m_FxEnabled":false},"in2DMode":false,"pivot":{"x":0.9651311635971069,"y":6.869999885559082,"z":16.747695922851564},"rotation":{"x":-0.023697219789028169,"y":-0.20637570321559907,"z":-0.004878684412688017,"w":0.9782381653785706},"size":8.247389793395996,"orthographic":true}