{"cameraMode":{"drawMode":0,"name":"Shaded","section":"Shading Mode"},"sceneLighting":true,"audioPlay":false,"sceneViewState":{"m_AlwaysRefresh":false,"showFog":true,"showSkybox":true,"showFlares":true,"showImageEffects":true,"showParticleSystems":true,"showVisualEffectGraphs":true,"m_FxEnabled":false},"in2DMode":false,"pivot":{"x":-28.057260513305665,"y":8.869892120361329,"z":-1.1888556480407715},"rotation":{"x":0.01008552499115467,"y":0.8330788016319275,"z":-0.015510953962802887,"w":0.5529494881629944},"size":17.182907104492189,"orthographic":false}