{"cameraMode":{"drawMode":0,"name":"Shaded","section":"Shading Mode"},"sceneLighting":true,"audioPlay":false,"sceneViewState":{"m_AlwaysRefresh":false,"showFog":true,"showSkybox":true,"showFlares":true,"showImageEffects":true,"showParticleSystems":true,"showVisualEffectGraphs":true,"m_FxEnabled":false},"in2DMode":false,"pivot":{"x":13.529998779296875,"y":2.3512353897094728,"z":-5.580999374389648},"rotation":{"x":-0.11215381324291229,"y":0.03936018422245979,"z":-0.005077906884253025,"w":-0.9930213689804077},"size":8.03378963470459,"orthographic":false}