{"cameraMode":{"drawMode":0,"name":"Shaded","section":"Shading Mode"},"sceneLighting":true,"audioPlay":false,"sceneViewState":{"m_AlwaysRefresh":false,"showFog":true,"showSkybox":true,"showFlares":true,"showImageEffects":true,"showParticleSystems":true,"showVisualEffectGraphs":true,"m_FxEnabled":false},"in2DMode":false,"pivot":{"x":-28.874042510986329,"y":6.8123273849487309,"z":11.813618659973145},"rotation":{"x":-0.2116275131702423,"y":0.6295390129089356,"z":-0.18122228980064393,"w":-0.7255176901817322},"size":19.512731552124025,"orthographic":true}