{"cameraMode":{"drawMode":0,"name":"Shaded","section":"Shading Mode"},"sceneLighting":true,"audioPlay":false,"sceneViewState":{"m_AlwaysRefresh":false,"showFog":true,"showSkybox":true,"showFlares":true,"showImageEffects":true,"showParticleSystems":true,"showVisualEffectGraphs":true,"m_FxEnabled":false},"in2DMode":false,"pivot":{"x":1.100000023841858,"y":6.869999885559082,"z":6.199999809265137},"rotation":{"x":0.040812134742736819,"y":0.9585356712341309,"z":-0.22564886510372163,"w":0.17087991535663606},"size":26.510454177856447,"orthographic":false}