{"cameraMode":{"drawMode":0,"name":"Shaded","section":"Shading Mode"},"sceneLighting":true,"audioPlay":false,"sceneViewState":{"m_AlwaysRefresh":false,"showFog":true,"showSkybox":true,"showFlares":true,"showImageEffects":true,"showParticleSystems":true,"showVisualEffectGraphs":true,"m_FxEnabled":false},"in2DMode":false,"pivot":{"x":-12.27543830871582,"y":6.004450798034668,"z":-1.5228545665740967},"rotation":{"x":0.029386473819613458,"y":-0.022488366812467576,"z":0.0006613133591599762,"w":0.9993168115615845},"size":3.520313024520874,"orthographic":true}