{"cameraMode":{"drawMode":0,"name":"Shaded","section":"Shading Mode"},"sceneLighting":true,"audioPlay":false,"sceneViewState":{"m_AlwaysRefresh":false,"showFog":true,"showSkybox":true,"showFlares":true,"showImageEffects":true,"showParticleSystems":true,"showVisualEffectGraphs":true,"m_FxEnabled":false},"in2DMode":false,"pivot":{"x":-5.432448863983154,"y":3.9753518104553224,"z":0.33108586072921755},"rotation":{"x":-0.22212088108062745,"y":-0.29656293988227847,"z":0.0711272656917572,"w":-0.9261025786399841},"size":2.8634116649627687,"orthographic":false}