{"cameraMode":{"drawMode":0,"name":"Shaded","section":"Shading Mode"},"sceneLighting":true,"audioPlay":false,"sceneViewState":{"m_AlwaysRefresh":false,"showFog":true,"showSkybox":true,"showFlares":true,"showImageEffects":true,"showParticleSystems":true,"showVisualEffectGraphs":true,"m_FxEnabled":false},"in2DMode":false,"pivot":{"x":-7.963274002075195,"y":2.6502883434295656,"z":3.4684677124023439},"rotation":{"x":0.059937018901109698,"y":0.9329093098640442,"z":-0.30579638481140139,"w":0.1820276826620102},"size":14.54259204864502,"orthographic":false}