{"cameraMode":{"drawMode":0,"name":"Shaded","section":"Shading Mode"},"sceneLighting":true,"audioPlay":false,"sceneViewState":{"m_AlwaysRefresh":false,"showFog":true,"showSkybox":true,"showFlares":true,"showImageEffects":true,"showParticleSystems":true,"showVisualEffectGraphs":true,"m_FxEnabled":false},"in2DMode":false,"pivot":{"x":-23.067033767700197,"y":6.1094136238098148,"z":13.409398078918457},"rotation":{"x":0.1587589830160141,"y":0.3001285195350647,"z":-0.05058343708515167,"w":0.9392675161361694},"size":99.55135345458985,"orthographic":true}