{"cameraMode":{"drawMode":0,"name":"Shaded","section":"Shading Mode"},"sceneLighting":true,"audioPlay":false,"sceneViewState":{"m_AlwaysRefresh":false,"showFog":true,"showSkybox":true,"showFlares":true,"showImageEffects":true,"showParticleSystems":true,"showVisualEffectGraphs":true,"m_FxEnabled":false},"in2DMode":false,"pivot":{"x":-26.899999618530275,"y":6.58380651473999,"z":6.260000228881836},"rotation":{"x":0.2951120138168335,"y":-0.030044758692383767,"z":0.009856296703219414,"w":0.9551362991333008},"size":18.799089431762697,"orthographic":true}