{"cameraMode":{"drawMode":0,"name":"Shaded","section":"Shading Mode"},"sceneLighting":true,"audioPlay":false,"sceneViewState":{"m_AlwaysRefresh":false,"showFog":true,"showSkybox":true,"showFlares":true,"showImageEffects":true,"showParticleSystems":true,"showVisualEffectGraphs":true,"m_FxEnabled":false},"in2DMode":false,"pivot":{"x":1.8400001525878907,"y":4.080999851226807,"z":-1.1920928955078126e-7},"rotation":{"x":-0.3978365659713745,"y":0.07346487045288086,"z":-0.032080601900815967,"w":-0.9141092896461487},"size":81.13646697998047,"orthographic":true}