{"cameraMode":{"drawMode":0,"name":"Shaded","section":"Shading Mode"},"sceneLighting":true,"audioPlay":false,"sceneViewState":{"m_AlwaysRefresh":false,"showFog":true,"showSkybox":true,"showFlares":true,"showImageEffects":true,"showParticleSystems":true,"showVisualEffectGraphs":true,"m_FxEnabled":false},"in2DMode":false,"pivot":{"x":-17.24022674560547,"y":0.33380651473999026,"z":7.357277870178223},"rotation":{"x":0.055399052798748019,"y":0.7161792516708374,"z":-0.05649147927761078,"w":0.6937246322631836},"size":10.342232704162598,"orthographic":true}