{"cameraMode":{"drawMode":0,"name":"Shaded","section":"Shading Mode"},"sceneLighting":true,"audioPlay":false,"sceneViewState":{"m_AlwaysRefresh":false,"showFog":true,"showSkybox":true,"showFlares":true,"showImageEffects":true,"showParticleSystems":true,"showVisualEffectGraphs":true,"m_FxEnabled":false},"in2DMode":false,"pivot":{"x":22.399999618530275,"y":-0.41287708282470705,"z":15.19999885559082},"rotation":{"x":0.03774723783135414,"y":0.9434143304824829,"z":-0.307869553565979,"w":0.11918751895427704},"size":43.89188003540039,"orthographic":true}